<?xml version="1.0" encoding="UTF-8"?>
<project-private xmlns="http://www.netbeans.org/ns/project-private/1">
    <editor-bookmarks xmlns="http://www.netbeans.org/ns/editor-bookmarks/2" lastBookmarkId="0"/>
    <open-files xmlns="http://www.netbeans.org/ns/projectui-open-files/2">
        <group>
            <file>file:/E:/030.%20IES_LOS_REMEDIOS/1ºDAW-EntornoDes/UD4/Ex_UD4-ED_2021/Ex_UD4-ED/src/ventanaNuevo.java</file>
            <file>file:/E:/030.%20IES_LOS_REMEDIOS/1ºDAW-EntornoDes/UD4/Ex_UD4-ED_2021/Ex_UD4-ED/src/ventanaPrincipal.java</file>
        </group>
    </open-files>
</project-private>
